Datetime,Water Level (m)
2026-01-31 12:00:00,-0.70236355
2026-01-31 13:00:00,-0.79254
2026-01-31 14:00:00,-0.7401239
2026-01-31 15:00:00,-0.4253001
2026-01-31 16:00:00,-0.13921496
2026-01-31 17:00:00,0.11921597
2026-01-31 18:00:00,0.34713092
2026-01-31 19:00:00,0.44137767
2026-01-31 20:00:00,0.36516362
2026-01-31 21:00:00,0.10745433
2026-01-31 22:00:00,-0.09406317
2026-01-31 23:00:00,-0.25717974
2026-02-01 00:00:00,-0.389029
2026-02-01 01:00:00,-0.5112621
2026-02-01 02:00:00,-0.62966245
2026-02-01 03:00:00,-0.69166684
2026-02-01 04:00:00,-0.42845783
2026-02-01 05:00:00,-0.17433481
2026-02-01 06:00:00,-0.004466042
2026-02-01 07:00:00,0.12398794
2026-02-01 08:00:00,0.07003203
2026-02-01 09:00:00,-0.14089625
2026-02-01 10:00:00,-0.331076
2026-02-01 11:00:00,-0.47447225
2026-02-01 12:00:00,-0.59584934
2026-02-01 13:00:00,-0.6899976
2026-02-01 14:00:00,-0.7867815
2026-02-01 15:00:00,-0.74526083
2026-02-01 16:00:00,-0.3543875
2026-02-01 17:00:00,-0.041696288
2026-02-01 18:00:00,0.22771402
2026-02-01 19:00:00,0.44999087
2026-02-01 20:00:00,0.49061176
2026-02-01 21:00:00,0.31392655
2026-02-01 22:00:00,0.048496254
2026-02-01 23:00:00,-0.1309073
2026-02-02 00:00:00,-0.2903931
2026-02-02 01:00:00,-0.41219372
2026-02-02 02:00:00,-0.53923976
2026-02-02 03:00:00,-0.6550452
2026-02-02 04:00:00,-0.65984017
2026-02-02 05:00:00,-0.31363174
2026-02-02 06:00:00,-0.051837012
2026-02-02 07:00:00,0.13582401
2026-02-02 08:00:00,0.24416383
2026-02-02 09:00:00,0.13458934
2026-02-02 10:00:00,-0.11072371
2026-02-02 11:00:00,-0.2886211
2026-02-02 12:00:00,-0.43994385
2026-02-02 13:00:00,-0.5528739
2026-02-02 14:00:00,-0.655842
2026-02-02 15:00:00,-0.75024
2026-02-02 16:00:00,-0.6073437
2026-02-02 17:00:00,-0.20216605
2026-02-02 18:00:00,0.09867339
2026-02-02 19:00:00,0.37160274
2026-02-02 20:00:00,0.54125047
2026-02-02 21:00:00,0.51172113
2026-02-02 22:00:00,0.25481313
2026-02-02 23:00:00,0.01964744
2026-02-03 00:00:00,-0.1578253
2026-02-03 01:00:00,-0.30378518
2026-02-03 02:00:00,-0.42858455
2026-02-03 03:00:00,-0.5550758
2026-02-03 04:00:00,-0.6589096
2026-02-03 05:00:00,-0.49166948
2026-02-03 06:00:00,-0.13469188
2026-02-03 07:00:00,0.089813836
2026-02-03 08:00:00,0.26576596
2026-02-03 09:00:00,0.2895041
2026-02-03 10:00:00,0.10240491
2026-02-03 11:00:00,-0.133131
2026-02-03 12:00:00,-0.2898462
2026-02-03 13:00:00,-0.4371122
2026-02-03 14:00:00,-0.5410736
2026-02-03 15:00:00,-0.6499262
2026-02-03 16:00:00,-0.72242606
2026-02-03 17:00:00,-0.43782797
2026-02-03 18:00:00,-0.059390917
2026-02-03 19:00:00,0.21983357
2026-02-03 20:00:00,0.4671065
2026-02-03 21:00:00,0.5463782
2026-02-03 22:00:00,0.41009188
2026-02-03 23:00:00,0.1267503
2026-02-04 00:00:00,-0.06601833
2026-02-04 01:00:00,-0.23518877
2026-02-04 02:00:00,-0.36128408
2026-02-04 03:00:00,-0.4856031
2026-02-04 04:00:00,-0.6051929
2026-02-04 05:00:00,-0.64068115
2026-02-04 06:00:00,-0.30195022
2026-02-04 07:00:00,-0.0033101754
2026-02-04 08:00:00,0.19644822
2026-02-04 09:00:00,0.3320866
2026-02-04 10:00:00,0.26206413
2026-02-04 11:00:00,0.02480084
2026-02-04 12:00:00,-0.17276827
2026-02-04 13:00:00,-0.32484236
2026-02-04 14:00:00,-0.4513457
2026-02-04 15:00:00,-0.5585894
2026-02-04 16:00:00,-0.6611062
2026-02-04 17:00:00,-0.65357244
2026-02-04 18:00:00,-0.26781395
2026-02-04 19:00:00,0.044434674
2026-02-04 20:00:00,0.29121116
2026-02-04 21:00:00,0.46715736
2026-02-04 22:00:00,0.43865106
2026-02-04 23:00:00,0.20488341
2026-02-05 00:00:00,-0.029541431
2026-02-05 01:00:00,-0.19901006
2026-02-05 02:00:00,-0.34596014
2026-02-05 03:00:00,-0.46211684
2026-02-05 04:00:00,-0.58341384
2026-02-05 05:00:00,-0.6827414
2026-02-05 06:00:00,-0.54353577
2026-02-05 07:00:00,-0.18437819
2026-02-05 08:00:00,0.05333612
2026-02-05 09:00:00,0.23629917
2026-02-05 10:00:00,0.29362246
2026-02-05 11:00:00,0.1573151
2026-02-05 12:00:00,-0.08200169
2026-02-05 13:00:00,-0.24621658
2026-02-05 14:00:00,-0.39456183
2026-02-05 15:00:00,-0.50020295
2026-02-05 16:00:00,-0.6070431
2026-02-05 17:00:00,-0.69136643
2026-02-05 18:00:00,-0.49821785
2026-02-05 19:00:00,-0.14406101
2026-02-05 20:00:00,0.09798832
2026-02-05 21:00:00,0.3007186
2026-02-05 22:00:00,0.3628047
2026-02-05 23:00:00,0.23111911
2026-02-06 00:00:00,-0.029885978
2026-02-06 01:00:00,-0.21367703
2026-02-06 02:00:00,-0.37359133
2026-02-06 03:00:00,-0.4879262
2026-02-06 04:00:00,-0.6014943
2026-02-06 05:00:00,-0.7084366
2026-02-06 06:00:00,-0.72205156
2026-02-06 07:00:00,-0.40463534
2026-02-06 08:00:00,-0.12652817
2026-02-06 09:00:00,0.06968473
2026-02-06 10:00:00,0.21260159
2026-02-06 11:00:00,0.18919489
2026-02-06 12:00:00,0.006741546
